{
    "num18": {
        "mean": 0.10240000000000002,
        "std": 0.005442221768522284
    },
    "num19": {
        "mean": 0.09566666666666668,
        "std": 0.0031657893521556645
    },
    "num07": {
        "mean": 0.05856666666666667,
        "std": 0.0038298534929913208
    },
    "num04": {
        "mean": 0.030133333333333356,
        "std": 0.0045854843437380345
    },
    "num24": {
        "mean": 0.019800000000000005,
        "std": 0.0018086213288334026
    },
    "num20": {
        "mean": 0.018166666666666685,
        "std": 0.00186338998124982
    },
    "num01": {
        "mean": 0.016133333333333354,
        "std": 0.0022813251509691507
    },
    "num14": {
        "mean": 0.015933333333333344,
        "std": 0.002831568077546039
    },
    "num22": {
        "mean": 0.012833333333333353,
        "std": 0.0023297591673342036
    },
    "num17": {
        "mean": 0.01186666666666667,
        "std": 0.002145796925257478
    },
    "num21": {
        "mean": 0.01090000000000001,
        "std": 0.0016265163865007803
    },
    "num16": {
        "mean": 0.00913333333333335,
        "std": 0.00233428552000154
    },
    "num08": {
        "mean": 0.008433333333333338,
        "std": 0.002180978373727414
    },
    "num13": {
        "mean": 0.007099999999999995,
        "std": 0.0019666666666666873
    },
    "num02": {
        "mean": 0.0070666666666666655,
        "std": 0.0017499206331208893
    },
    "num06": {
        "mean": 0.0030333333333333436,
        "std": 0.001378001773906299
    },
    "num05": {
        "mean": 0.0006333333333333413,
        "std": 0.00048189440982668937
    },
    "num15": {
        "mean": 0.0005333333333333412,
        "std": 0.0011274356350191599
    },
    "cat_payment": {
        "mean": 0.0005000000000000004,
        "std": 0.0005627314338711449
    },
    "cat_region": {
        "mean": 0.00043333333333333,
        "std": 0.00021343747458112
    },
    "num10": {
        "mean": 0.0003333333333333299,
        "std": 0.000649786289653922
    },
    "cat_contract": {
        "mean": 0.00023333333333332983,
        "std": 0.0005972157622389763
    },
    "tenure_months": {
        "mean": 0.0001666666666666705,
        "std": 0.00042817441928882504
    },
    "num12": {
        "mean": 3.333333333335187e-05,
        "std": 0.0008999999999999947
    },
    "num11": {
        "mean": 3.333333333331856e-05,
        "std": 0.0007951240294584389
    },
    "num09": {
        "mean": -0.00046666666666665967,
        "std": 0.0009333333333333391
    },
    "num23": {
        "mean": -0.0010666666666666602,
        "std": 0.0011718930554164507
    },
    "num03": {
        "mean": -0.0017999999999999904,
        "std": 0.00061824123303304
    }
}