{
    "num19": {
        "mean": 0.09306666666666673,
        "std": 0.00475815090134813
    },
    "num18": {
        "mean": 0.08600000000000003,
        "std": 0.0050177462847156564
    },
    "num07": {
        "mean": 0.05900000000000004,
        "std": 0.00384129607757012
    },
    "num04": {
        "mean": 0.024866666666666724,
        "std": 0.0027776888874666305
    },
    "num24": {
        "mean": 0.018466666666666732,
        "std": 0.002295890047696333
    },
    "num01": {
        "mean": 0.016800000000000072,
        "std": 0.0025569078547686887
    },
    "num20": {
        "mean": 0.015100000000000058,
        "std": 0.0024587711474546668
    },
    "num14": {
        "mean": 0.011566666666666692,
        "std": 0.0020550750189064423
    },
    "num21": {
        "mean": 0.009733333333333372,
        "std": 0.0016316317667360663
    },
    "num22": {
        "mean": 0.009166666666666701,
        "std": 0.0025132979661525727
    },
    "num13": {
        "mean": 0.008566666666666722,
        "std": 0.0017130220210039477
    },
    "num16": {
        "mean": 0.00813333333333337,
        "std": 0.001720465053408509
    },
    "num08": {
        "mean": 0.006266666666666698,
        "std": 0.00157621205567159
    },
    "num17": {
        "mean": 0.004833333333333356,
        "std": 0.0017841898254763583
    },
    "num02": {
        "mean": 0.0026000000000000246,
        "std": 0.0014437605218471747
    },
    "num06": {
        "mean": 0.0019666666666667055,
        "std": 0.001702612371882947
    },
    "cat_contract": {
        "mean": 0.0005000000000000337,
        "std": 0.0005821416398857781
    },
    "num05": {
        "mean": 0.00033333333333337436,
        "std": 0.000557773351022702
    },
    "num15": {
        "mean": 0.00023333333333337426,
        "std": 0.0005385164807134585
    },
    "num23": {
        "mean": 0.00023333333333337426,
        "std": 0.0007000000000000064
    },
    "num12": {
        "mean": 0.00023333333333337426,
        "std": 0.001155181563410891
    },
    "cat_payment": {
        "mean": 6.666666666671484e-05,
        "std": 0.0004666666666666628
    },
    "num03": {
        "mean": -0.00029999999999995585,
        "std": 0.0005859465277082232
    },
    "cat_region": {
        "mean": -0.0004333333333332967,
        "std": 0.00047258156262526123
    },
    "num11": {
        "mean": -0.0004666666666666375,
        "std": 0.0004988876515698647
    },
    "num10": {
        "mean": -0.0008666666666666378,
        "std": 0.0007774602526460372
    },
    "num09": {
        "mean": -0.0009999999999999564,
        "std": 0.0010110500592068609
    },
    "tenure_months": {
        "mean": -0.0013999999999999568,
        "std": 0.0006798692684790448
    }
}