{
    "Dummy": {
        "accuracy": 0.6766666666666666,
        "f1": 0.0,
        "roc_auc": 0.5
    },
    "LogisticRegression": {
        "accuracy": 0.834,
        "f1": 0.7242524916943521,
        "roc_auc": 0.8811705855466966
    },
    "DecisionTree": {
        "accuracy": 0.874,
        "f1": 0.7929901423877328,
        "roc_auc": 0.9075628459702403
    },
    "RandomForest": {
        "accuracy": 0.9266666666666666,
        "f1": 0.8792535675082327,
        "roc_auc": 0.9618224061754099
    },
    "GradientBoosting": {
        "accuracy": 0.927,
        "f1": 0.8833244539158231,
        "roc_auc": 0.9647519171194961
    }
}