{
    "DecisionTree": {
        "accuracy": 0.8713333333333333,
        "f1": 0.7942430703624733,
        "roc_auc": 0.9054499517546087
    },
    "RandomForest": {
        "accuracy": 0.9243333333333333,
        "f1": 0.8768312533912099,
        "roc_auc": 0.9674424864151137
    },
    "GradientBoosting": {
        "accuracy": 0.9353333333333333,
        "f1": 0.8966986155484558,
        "roc_auc": 0.9709004113554417
    }
}