{
  "ds1": {
    "size": {
      "samples": 12000,
      "features": 8
    },
    "KMeans": {
      "n_clusters": 2,
      "silhouette": 0.5216395622404242,
      "davies_bouldin": 0.6853295219054459,
      "calinski_harabasz": 11786.95462267153
    },
    "DBSCAN": {
      "eps": 1.8,
      "min_samples": 3,
      "n_clusters": 2,
      "n_noise": 0,
      "noise_ratio": 0.0,
      "silhouette": 0.5222964975908947,
      "davies_bouldin": 0.6853295219054459,
      "calinski_harabasz": 11786.95462267153
    }
  },
  "ds2": {
    "size": {
      "samples": 8000,
      "features": 3
    },
    "KMeans": {
      "n_clusters": 2,
      "silhouette": 0.3068610017701601,
      "davies_bouldin": 1.3234721699867644,
      "calinski_harabasz": 3573.3933329348392
    },
    "DBSCAN": {
      "eps": 0.8,
      "min_samples": 5,
      "n_clusters": 1,
      "n_noise": 44,
      "noise_ratio": 0.0055,
      "silhouette": 0.4810196482977682,
      "davies_bouldin": 7.65438004810896,
      "calinski_harabasz": 7.599830190821951
    }
  },
  "ds3": {
    "size": {
      "samples": 15000,
      "features": 4
    },
    "KMeans": {
      "n_clusters": 3,
      "silhouette": 0.31554470037825183,
      "davies_bouldin": 1.1577256320598661,
      "calinski_harabasz": 6957.162639510166
    },
    "DBSCAN": {
      "eps": 0.8,
      "min_samples": 3,
      "n_clusters": 2,
      "n_noise": 22,
      "noise_ratio": 0.0014666666666666667,
      "silhouette": -1.0,
      "davies_bouldin": -1.0,
      "calinski_harabasz": -1.0
    }
  }
}